{
    "name": "sconepunk",
    "url" : "https://bitbucket.org/wscones/sconepunk/",
    "license": "MIT",
    "tags": ["scone", "haxepunk"],
    "description": "A collection of utility classes for HaxePunk development.",
    "version": "0.0.3",
    "classPath": "src/",
    "releasenote": "Fixed type check for TimedEntity in TimedScene, and confirmed that getComponent is working.",
    "contributors": ["wednesdayscones"],
    "dependencies": {
        "haxepunk": "2.5.6",
        "lime": "2.7.0",
        "openfl": "3.6.1"
    }
}
