{
    "name": "sconelib",
    "url" : "https://bitbucket.org/wscones/sconelib/",
    "license": "MIT",
    "tags": ["scone", "haxepunk"],
    "description": "A collection of utility classes for HaxePunk development.",
    "version": "0.0.1-alpha",
    "classPath": "sconelib/",
    "releasenote": "Initial release, mostly for testing/personal use, currently.",
    "contributors": ["wednesdayscones"],
    "dependencies": {
        "haxepunk": "2.5.6",
        "lime": "2.7.0",
        "openfl": "3.6.1"
    }
}
